keyword,category,priority
what is keto diet,basics,high
keto diet for beginners,basics,high
how to start keto,basics,high
ketosis symptoms,basics,high
keto flu symptoms,basics,high
how long to enter ketosis,basics,high
keto macros calculator,basics,high
keto diet food list,basics,high
foods allowed on keto,basics,high
foods to avoid on keto,basics,high
net carbs vs total carbs,basics,high
keto diet benefits,basics,high
keto vs low carb difference,basics,medium
cyclical keto diet,basics,medium
targeted keto diet,basics,medium
dirty keto vs clean keto,basics,medium
lazy keto diet,basics,medium
keto diet side effects,health,high
keto for weight loss,weight loss,high
how fast keto weight loss,weight loss,high
keto plateau weight loss,weight loss,high
keto for women over 40,weight loss,high
keto for type 2 diabetes,health,high
keto and insulin resistance,health,high
keto for PCOS,health,medium
keto and cholesterol,health,medium
keto for epilepsy,health,medium
keto and blood pressure,health,medium
keto for athletes,health,medium
keto and thyroid,health,medium
keto diet and inflammation,health,medium
keto diet long term effects,health,medium
keto diet kidney stones,health,low
keto diet constipation,health,medium
keto diet and hair loss,health,medium
electrolytes on keto,basics,high
keto supplements list,supplements,high
exogenous ketones,supplements,medium
MCT oil benefits keto,supplements,high
keto protein powder,supplements,medium
magnesium on keto,supplements,medium
keto multivitamin,supplements,low
collagen on keto,supplements,low
keto dinner recipes,recipes,high
easy keto meals,recipes,high
keto breakfast ideas,recipes,high
keto lunch ideas,recipes,high
keto snacks list,recipes,high
keto dessert recipes,recipes,high
keto bread recipe,recipes,high
keto pancakes recipe,recipes,medium
keto pizza recipe,recipes,medium
keto chocolate cake,recipes,medium
keto chicken recipes,recipes,high
keto ground beef recipes,recipes,high
keto salmon recipe,recipes,medium
keto egg recipes,recipes,medium
keto avocado recipes,recipes,medium
keto cauliflower recipes,recipes,medium
keto zucchini recipes,recipes,medium
keto soup recipes,recipes,medium
keto slow cooker recipes,recipes,medium
keto instant pot recipes,recipes,medium
keto meal prep ideas,recipes,high
keto 7 day meal plan,meal planning,high
keto meal plan for beginners,meal planning,high
keto 30 day meal plan,meal planning,high
keto meal plan on a budget,meal planning,high
keto grocery list,meal planning,high
keto diet on $50 a week,meal planning,medium
keto meal plan 1200 calories,meal planning,medium
keto meal plan 1500 calories,meal planning,medium
keto diet 2000 calories,meal planning,low
keto at restaurants,meal planning,medium
keto fast food options,meal planning,high
keto at McDonald's,meal planning,medium
keto at Chipotle,meal planning,medium
keto at Chick-fil-A,meal planning,medium
keto drinks allowed,basics,medium
keto alcohol guide,basics,medium
keto coffee drinks,basics,medium
keto electrolyte drinks,supplements,medium
keto fat bombs recipe,recipes,medium
keto cheese crackers,recipes,low
keto garlic bread,recipes,low
keto lasagna recipe,recipes,low
keto brownies recipe,recipes,medium
keto cookies recipe,recipes,medium
keto cheesecake recipe,recipes,medium
keto chocolate mousse,recipes,low
best keto sweeteners,basics,high
erythritol vs stevia keto,basics,medium
monk fruit sweetener keto,basics,medium
allulose keto diet,basics,low
best keto bread brands,products,medium
keto tortillas review,products,medium
keto protein bars,products,medium
best keto frozen meals,products,medium
keto meal delivery services,products,high
keto apps best,tools,medium
keto tracker apps,tools,medium
cronometer keto tracking,tools,low
carb manager app review,tools,low
keto diet book recommendations,products,low
keto cooking on a budget,meal planning,medium
keto diet vegetarian,basics,medium
keto diet vegan,basics,medium
keto for vegans food list,basics,medium
keto diet pescatarian,basics,low
keto diet dairy free,basics,medium
keto diet egg free,basics,low
keto diet nut free,basics,low
keto intermittent fasting,health,high
keto one meal a day,health,medium
keto OMAD results,health,low
keto and fasting combined,health,medium
how to break keto fast,health,low
keto refeeding schedule,health,low
reintroducing carbs after keto,health,medium
how to quit keto safely,health,medium
keto before and after,inspiration,medium
keto success stories,inspiration,medium
keto diet results 30 days,inspiration,medium
keto results 3 months,inspiration,low
keto diet cheat day,basics,medium
keto carb cycling,basics,medium
keto maintenance phase,basics,medium
keto for seniors,weight loss,medium
keto diet over 50,weight loss,medium
keto for teenagers,weight loss,low
keto diet while breastfeeding,health,medium
keto diet during pregnancy safety,health,low
keto for fertility,health,low
keto and hormones,health,medium
keto testosterone,health,low
keto anxiety relief,health,low
keto for depression,health,low
keto brain fog,health,medium
keto mental clarity,health,medium
keto diet and sleep,health,low
keto muscle building,health,medium
keto bodybuilding meal plan,health,medium
keto diet for runners,health,medium
keto diet for CrossFit,health,low
high fat keto foods,basics,medium
best fats on keto,basics,medium
avocado oil vs olive oil keto,basics,low
coconut oil keto diet,basics,medium
butter on keto,basics,medium
ghee keto diet,basics,low
best protein sources keto,basics,high
keto beef jerky,snacks,medium
keto cheese guide,basics,medium
keto nuts and seeds,basics,medium
keto berries allowed,basics,medium
keto fruit list,basics,high
keto vegetables list,basics,high
keto leafy greens,basics,medium
cruciferous vegetables keto,basics,medium
keto carbs per day limit,basics,high
20 grams carbs keto,basics,high
50 grams carbs keto,basics,medium
keto breath causes,health,medium
acetone breath keto,health,low
keto urine color,health,low
keto pee smell,health,low
blood ketone levels chart,basics,medium
urine ketone strips accuracy,tools,medium
best ketone meter,tools,medium
Keto-Mojo vs Precision Xtra,tools,low
keto fat adapted signs,basics,medium
how to become fat adapted,basics,medium
fat adapted athlete keto,health,low
keto diet research studies,health,low
keto diet science explained,basics,medium
stanford keto study,health,low
keto diet myths debunked,basics,medium
is keto safe long term,health,medium
keto diet doctor opinion,health,low
dietitian keto diet view,health,low
keto diet Mediterranean comparison,basics,low
keto vs paleo diet,basics,medium
keto vs carnivore diet,basics,medium
keto vs Atkins difference,basics,medium
keto vs South Beach diet,basics,low
how to calculate net carbs on keto,Macros,high
what is the keto flu and how long does it last,Ketosis,high
best keto snacks to buy at the grocery store,Recipes,high
how much protein should i eat on keto,Macros,high
keto vs low carb diet explained,Diet Basics,high
how to get back into ketosis after a cheat day,Ketosis,medium
best electrolyte supplements for keto beginners,Supplements,medium
how to meal prep keto lunches for the week,Meal Plans,high
what foods to avoid on a ketogenic diet,Diet Basics,high
how to test for ketosis at home,Ketosis,medium
keto diet for weight loss after 50,Weight Loss,medium
cost of a monthly keto meal plan explained,Meal Plans,low
how to make keto bread without almond flour,Recipes,medium
best keto friendly sweeteners for baking,Recipes,medium
how to break a keto weight loss plateau,Weight Loss,high
is oatmeal keto friendly,Is It Keto,high
is popcorn keto friendly,Is It Keto,high
is hummus keto friendly,Is It Keto,high
is peanut butter keto friendly,Is It Keto,high
is sushi keto friendly,Is It Keto,medium
is quinoa keto friendly,Is It Keto,medium
are carrots keto friendly,Is It Keto,medium
is greek yogurt keto friendly,Is It Keto,medium
keto flu how long does it last,Keto Side Effects,high
keto breath how to get rid of it,Keto Side Effects,high
constipation on keto remedies,Keto Side Effects,high
keto insomnia why cant i sleep,Keto Side Effects,medium
leg cramps on keto causes,Keto Side Effects,medium
keto rash causes and fixes,Keto Side Effects,medium
why am i not losing weight on keto,Keto Troubleshooting,high
how to break a keto stall,Keto Troubleshooting,high
how to know if youre in ketosis without strips,Keto Troubleshooting,medium
keto breakfast ideas without eggs,Keto Recipes,high
keto lunch ideas for work,Keto Recipes,medium
keto snacks for a road trip,Keto Recipes,medium
